user_id,nombre_checador,empresa,sugerencia_empresa,sugerencia_nombre_xls,confianza
440,Norma Yteel Montoya Zamo,Absolute Brokerage Customs S.C,Absolute Brokerage Customs S.C,YAZMIN OLVERA ZAMORA,2
414,Brenda I. Cubillas  Rodr,,Absolute Brokerage Customs S.C,DIEGO AXEL COVARRUBIAS CRUZ,0.468
127,Jennifer Basulto Ososrio,Super Express de Carga Federal S.A de C.V,Absolute Brokerage Customs S.C,BRYAN SOLIS MENDEZ,1
236,Ignacio Rafael Basulto O,Super Express de Carga Federal S.A de C.V,Absolute Brokerage Customs S.C,DIEGO AXEL COVARRUBIAS CRUZ,1
398,CESAR BOYZO SIBAJA,Absolute Brokerage Customs S.C,Super Express de Carga Federal S.A de C.V,CESAR ZARAGOZA CONTRERAS,1
439,Grace Kelly Perez Serret,Super Express de Carga Federal S.A de C.V,Absolute Brokerage Customs S.C,DULCE NAYELY MARTINEZ RAMIREZ,1
528,Daniel de Jesus Tobon Ac,Absolute Brokerage Customs S.C,Absolute Brokerage Customs S.C,ANGEL MELESIO ROSALES BADILLO,2
563,Raul Alexander Trujillo,Absolute Brokerage Customs S.C,Absolute Brokerage Customs S.C,ALEJANDRA CRUZ SAUZA,1
521,Jocelyn Lopez Nuez,,Absolute Brokerage Customs S.C,ELENA JUAREZ MARTINEZ,0.513
280,Fnny Chavez Huesca,,Absolute Brokerage Customs S.C,MARIO XICO CHAVEZ,0.514
422,Janetzy O. Silva Cruz,,Super Express de Carga Federal S.A de C.V,MANUEL CHEW SALAS,0.514
613,Sharon Sarahi De la cuev,,Absolute Brokerage Customs S.C,MARIA DEL ROSARIO MORA CASIQUE,0.519
543,Fernanda Itandehuitl Hor,,Absolute Brokerage Customs S.C,MARIAN HERNANDEZ PEREZ,0.522
618,Jose Manuel Dorantes  Cr,,Absolute Brokerage Customs S.C,JOSE LUIS MARTINEZ GARCIA,0.522
289,Benito Duran Castillo,,Super Express de Carga Federal S.A de C.V,MARCO OCTAVIO CASTILLO GUILLEN,0.524
393,JOSE E.  BARRERA MONTUFA,,Absolute Brokerage Customs S.C,AIDA HERNANDEZ BARRERA,0.524
579,Nayely  Mendizabal Orteg,,Absolute Brokerage Customs S.C,CESAR MENDEZ MORENO,0.524
559,Alondra Tapia Jasso,,Absolute Brokerage Customs S.C,ADRIAN GARCIA ALPIZAR,0.526
544,Diana Laura Herrera Cruz,,Absolute Brokerage Customs S.C,JUAN CARLOS OLVERA ZAMORA,0.531
595,Yair Jose Miranda Arano,,Absolute Brokerage Customs S.C,FRANCISCO JAVIER MIRANDA GONZALEZ,0.536
607,Beatriz Heredia Medrano,,Absolute Brokerage Customs S.C,LUIS ENRIQUE HERNANDEZ ROMERO,0.538
525,Edwin Javier Vazquez Zam,,Absolute Brokerage Customs S.C,LAURA VELAZQUEZ ORTIGOZA,0.542
590,Natalia Taboaga Mejia Ca,,Absolute Brokerage Customs S.C,JONATHAN RUBEN MEDINA LARA,0.542
520,Pedro Edgar Juarez Vega,,Absolute Brokerage Customs S.C,ELENA JUAREZ MARTINEZ,0.545
608,Lorena Mendez Estrella,,Absolute Brokerage Customs S.C,KARLA FERNANDEZ VELASCO,0.545
508,Belen Rosario Navarrete,,Absolute Brokerage Customs S.C,SAMANTHA NAVARRO BLANCAS,0.553
534,Juan Eduardo Barona Gonz,,Absolute Brokerage Customs S.C,EDUARDO SERAFIN JIMENEZ,0.553
591,Dulce Jazmin Lara  Silva,,Absolute Brokerage Customs S.C,YAZMIN OLVERA ZAMORA,0.558
259,Epigmenio Cisneros Torre,,Super Express de Carga Federal S.A de C.V,ALEJANDRA CISNEROS JIMENEZ,0.56
436,Lizbet Cruz Esteban,,Absolute Brokerage Customs S.C,EVELIN LISSET CRUZ MARTINEZ,0.565
509,Irvin Fernando Muoz Cor,,Absolute Brokerage Customs S.C,KARLA FERNANDEZ VELASCO,0.565
561,Jess Eduardo Lopez Garc,,Absolute Brokerage Customs S.C,BULMARO LOPEZ HERNANDEZ,0.565
370,Daniel A.  Brenis  Amado,,Absolute Brokerage Customs S.C,DIANA DENIS RAMIREZ PEREZ,0.571
359,Asael Romero Tamayo,,Absolute Brokerage Customs S.C,ALIBE NAYELY ROMERO PILARES,0.579
353,Erik Osvaldo Cabrera Rom,,Super Express de Carga Federal S.A de C.V,JOCIK OSWALDO HERNANDEZ VELAZQUEZ,0.583
500,Erick Alexis Ocampos Gar,,Absolute Brokerage Customs S.C,ERICKA THALIA GARCIA MARTINEZ,0.583
496,Guadalupe Viviana Castil,,Absolute Brokerage Customs S.C,DULCE GUADALUPE YANEZ YANEZ,0.588
529,Cesar Oliva Roman,,Super Express de Carga Federal S.A de C.V,CESAR ZARAGOZA CONTRERAS,0.588
497,Samantha Zenil Jimenez,,Absolute Brokerage Customs S.C,SAMARA ANAID MARTINEZ PEREZ,0.591
369,Catalina Flores Cruz,,Absolute Brokerage Customs S.C,HILDA FLORES ALVAREZ,0.6
442,Elena M. Jaime Alvarado,,Absolute Brokerage Customs S.C,NOEMI ALVARADO RAMOS,0.6
371,Benjamin Perez Rivera,,Absolute Brokerage Customs S.C,DIANA DENIS RAMIREZ PEREZ,0.609
598,Carlos Alberto Vite  Vil,,Absolute Brokerage Customs S.C,CARLOS ARTURO ORDONEZ CORREA,0.609
517,Erivan Salvador Cruz Rod,,Absolute Brokerage Customs S.C,SALVADOR SALGUERO CARCAMO,0.612
383,Arturo Ortega Vega,,Absolute Brokerage Customs S.C,LAURA VELAZQUEZ ORTIGOZA,0.619
514,Jess Ricardo Heras Ram,,Absolute Brokerage Customs S.C,RICARDO REYES GARCIA,0.619
281,Luz Eelena Reyes  Alonso,,Super Express de Carga Federal S.A de C.V,ALFONSO ROMERO PENA,0.619
419,Pamela Matos Tellez,,Super Express de Carga Federal S.A de C.V,METZIN PAMELA VALLE MEDINA,0.622
333,Fernando Gonzalez Garrid,,Absolute Brokerage Customs S.C,SALVADOR GONZALEZ MALDONADO,0.625
358,Omar Perez Prado,,Absolute Brokerage Customs S.C,ZULEIMA PEREZ RUIZ,0.625
501,Julieta Berenice Rodrigu,,Absolute Brokerage Customs S.C,ELIZABET RAMIREZ RODRIGUEZ,0.625
516,Daniel Ulises Morales Re,,Absolute Brokerage Customs S.C,ANGEL MELESIO ROSALES BADILLO,0.625
548,Wendy Catalin Gonzalez V,,Absolute Brokerage Customs S.C,RICARDO ALDAIR GONZALEZ RAMOS,0.625
538,Maria Leticia Sanchez Va,,Absolute Brokerage Customs S.C,VERONICA MEXICANO SANCHEZ,0.625
570,Carlos Alberto Cruz Sant,,Absolute Brokerage Customs S.C,CARLOS ARTURO ORDONEZ CORREA,0.625
587,Dulce Estefany Sanchez A,,Absolute Brokerage Customs S.C,DULCE NAYELY MARTINEZ RAMIREZ,0.625
435,Maria F. Ramos Toriz,,Absolute Brokerage Customs S.C,MARIA DEL ROSARIO MORA CASIQUE,0.632
44,Iliana Daphne Gonzalez J,,Super Express de Carga Federal S.A de C.V,IVAN GONZALEZ ESPINOSA,0.636
329,MARIA ALEJANDRA VALDEZ,,Absolute Brokerage Customs S.C,MARIA CRISTINA ANA VAZQUEZ HERNANDEZ,0.636
519,Andrea Bravo Valencia,,Absolute Brokerage Customs S.C,LORENZO GUZMAN VALENCIA,0.636
571,Ivan Martinez Oliveros,,Absolute Brokerage Customs S.C,ARMANDO IVAN MARTINEZ SALAZAR,0.636
600,Fatima Martinez Jimenez,,Absolute Brokerage Customs S.C,ELENA JUAREZ MARTINEZ,0.636
373,Dulce Ivon Hernandez Roj,,Absolute Brokerage Customs S.C,LUIS ENRIQUE HERNANDEZ ROMERO,0.642
52,Carlos Morales Ramirez,,Absolute Brokerage Customs S.C,ARIEL RAMIREZ FUENTES,0.651
430,Jesus E. Torres Resendiz,,Super Express de Carga Federal S.A de C.V,JESUS CORTES ROSALES,0.651
432,Javier Padilla Morales,,Super Express de Carga Federal S.A de C.V,JAVIER ESPINOSA REYES,0.651
427,Brenda E. Martinez Guerr,,Absolute Brokerage Customs S.C,DULCE NAYELY MARTINEZ RAMIREZ,0.652
558,Ivan Yarik Rodriguez Mar,Absolute Brokerage Customs S.C,Super Express de Carga Federal S.A de C.V,MARTIN ORTIZ RODRIGUEZ,2
302,Guillermo Rivera Castill,,Super Express de Carga Federal S.A de C.V,MARCO OCTAVIO CASTILLO GUILLEN,0.667
406,Guillermo Cervantes Rodr,,Super Express de Carga Federal S.A de C.V,GUILLERMO REVILLA FERMAN,0.667
407,GERARDO M.  REYES SAAVED,,Absolute Brokerage Customs S.C,RICARDO REYES GARCIA,0.667
411,Montserrat Garcia Juarez,,Absolute Brokerage Customs S.C,MONTSERRAT GUZMAN FUENTES,0.667
412,Luis E.  Luna Montes de,,Absolute Brokerage Customs S.C,JONATHAN LUNA MONTES DE OCA,0.667
510,Damaris Lineet Gonzalez,,Absolute Brokerage Customs S.C,KAREN LUNA GONZALEZ,0.667
527,Manuel Becerra Salazar,,Super Express de Carga Federal S.A de C.V,MANUEL CHEW SALAS,0.667
537,Marco Antonio Sanchez Ol,,Super Express de Carga Federal S.A de C.V,MARIO ANTONIO ORTEGA GALICIA,0.667
541,Karla Adriana Fuentes  R,,Absolute Brokerage Customs S.C,ARIEL RAMIREZ FUENTES,0.667
567,Eduardo Leon Sienties,,Absolute Brokerage Customs S.C,EDUARDO SERAFIN JIMENEZ,0.667
583,Norma Angelica Hernandez,,Super Express de Carga Federal S.A de C.V,MALI ABIGAIL HERNANDEZ LOPEZ,0.667
515,Aldo Jimenez Gonzalez,,Super Express de Carga Federal S.A de C.V,ALFREDO NAVARRETE GONZALEZ,0.681
428,Nancy Rosas Flores,,Absolute Brokerage Customs S.C,ALMA ROSA HERNANDEZ FLORES,0.682
539,Ricardo Marin Valencia,,Super Express de Carga Federal S.A de C.V,RICARDO YAFRED VACA CABALLERO,0.682
504,Ricardo Garcia Rodriguez,,Super Express de Carga Federal S.A de C.V,MARTIN ORTIZ RODRIGUEZ,0.696
257,Tania Segura Gonzalez,,Absolute Brokerage Customs S.C,KAREN LUNA GONZALEZ,0.7
507,VICTOR HUGO VARGAZ VALTAZAR,Absolute Brokerage Customs S.C,Super Express de Carga Federal S.A de C.V,VICTOR HUGO ZAMARRIPA SANCHEZ,1
547,Maritza Rangel Contreras,,Super Express de Carga Federal S.A de C.V,CESAR ZARAGOZA CONTRERAS,0.708
599,Joese Gustavo Martinez F,,Absolute Brokerage Customs S.C,JOSE LUIS MARTINEZ GARCIA,0.708
610,MARIA FERNANDEZ MARTINEZ,Absolute Brokerage Customs S.C,Absolute Brokerage Customs S.C,MARIAN HERNANDEZ PEREZ,1
220,Fernando Cano De lira,,Absolute Brokerage Customs S.C,FERNANDO DANIEL VIEYRA CALDERON,0.731
503,Jose Angel Hernandez Mar,,Super Express de Carga Federal S.A de C.V,MALI ABIGAIL HERNANDEZ LOPEZ,0.731
565,IVONE REYES GONZALEZ,Absolute Brokerage Customs S.C,Absolute Brokerage Customs S.C,RICARDO REYES GONZALEZ,2
604,JOSE LUIS HERNANDEZ MARTINEZ,Absolute Brokerage Customs S.C,Absolute Brokerage Customs S.C,JOSE LUIS MARTINEZ GARCIA,1
389,JONATHAN EZEQUIEL SEDANO ZAMBRANO,Super Express de Carga Federal S.A de C.V,Super Express de Carga Federal S.A de C.V,JONATHAN EZEQUIEL SEDANO ZAMBRANO,1
578,RICARDO ALDAIR GONZALEZ RAMOS,Absolute Brokerage Customs S.C,Absolute Brokerage Customs S.C,RICARDO ALDAIR GONZALEZ RAMOS,1
413,SANDRA HERNANDEZ SUAREZ,Absolute Brokerage Customs S.C,Absolute Brokerage Customs S.C,SANDRA HERNANDEZ SUAREZ,1
441,ARELI ABIGAIL HERNANDEZ HERNANDEZ,Absolute Brokerage Customs S.C,Absolute Brokerage Customs S.C,ARELI ABIGAIL HERNANDEZ HERNANDEZ,1
384,JOCIK OSWALDO HERNANDEZ VELAZQUEZ,Super Express de Carga Federal S.A de C.V,Super Express de Carga Federal S.A de C.V,JOCIK OSWALDO HERNANDEZ VELAZQUEZ,1
498,FRANCIASCO JAVIER GARCIA PEREZ,Super Express de Carga Federal S.A de C.V,Absolute Brokerage Customs S.C,FRANCIASCO JAVIER GARCIA PEREZ,1
586,KEVIN MARTINEZ GARCIA,Absolute Brokerage Customs S.C,Absolute Brokerage Customs S.C,KEVIN MARTINEZ GARCIA,1
397,FERNANDO DANIEL VIEYRA CALDERON,Absolute Brokerage Customs S.C,Absolute Brokerage Customs S.C,FERNANDO DANIEL VIEYRA CALDERON,1
387,JORGE ALBERTO ALBARES JUAREZ,Absolute Brokerage Customs S.C,Absolute Brokerage Customs S.C,JORGE ALBERTO ALBARES JUAREZ,1
342,MIGUEL ANTONIO RAMIREZ VIVEROS,Super Express de Carga Federal S.A de C.V,Super Express de Carga Federal S.A de C.V,MIGUEL ANTONIO RAMIREZ VIVEROS,1
434,MARLENE CELINE ESCOBAR GONZALEZ,Absolute Brokerage Customs S.C,Absolute Brokerage Customs S.C,MARLENE CELINE ESCOBAR GONZALEZ,1
597,ROSENDO GARRIDO LOPEZ,Super Express de Carga Federal S.A de C.V,Super Express de Carga Federal S.A de C.V,ROSENDO GARRIDO LOPEZ,1
344,MARCO OCTAVIO CASTILLO GUILLEN,Super Express de Carga Federal S.A de C.V,Super Express de Carga Federal S.A de C.V,MARCO OCTAVIO CASTILLO GUILLEN,1
340,JUAN CARLOS APARICIO RAMOS,Super Express de Carga Federal S.A de C.V,Super Express de Carga Federal S.A de C.V,JUAN CARLOS APARICIO RAMOS,1
401,ALIBE NAYELY ROMERO PILARES,Absolute Brokerage Customs S.C,Absolute Brokerage Customs S.C,ALIBE NAYELY ROMERO PILARES,1
443,METZIN PAMELA VALLE MEDINA,Super Express de Carga Federal S.A de C.V,Super Express de Carga Federal S.A de C.V,METZIN PAMELA VALLE MEDINA,1
315,ELVIA AIDE ROMERO JIMENEZ,Absolute Brokerage Customs S.C,Absolute Brokerage Customs S.C,ELVIA AIDE ROMERO JIMENEZ,1
363,JOSE LUIS MARTINEZ GARCIA,Absolute Brokerage Customs S.C,Absolute Brokerage Customs S.C,JOSE LUIS MARTINEZ GARCIA,1
271,DAVID ESTEBAN DIAZ GUTIERREZ,Absolute Brokerage Customs S.C,Absolute Brokerage Customs S.C,DAVID ESTEBAN DIAZ GUTIERREZ,1
445,PAMELA JAUREGUI ACEVES,Absolute Brokerage Customs S.C,Absolute Brokerage Customs S.C,PAMELA JAUREGUI ACEVES,1
502,LAURA VELAZQUEZ ORTIGOZA,Absolute Brokerage Customs S.C,Absolute Brokerage Customs S.C,LAURA VELAZQUEZ ORTIGOZA,1
522,DULCE GUADALUPE YANEZ YANEZ,Absolute Brokerage Customs S.C,Absolute Brokerage Customs S.C,DULCE GUADALUPE YANEZ YANEZ,1
545,MIGUEL ANGEL YANEZ JACINTO,Absolute Brokerage Customs S.C,Absolute Brokerage Customs S.C,MIGUEL ANGEL YANEZ JACINTO,1
330,GERARDO SANCHEZ BARRANCO,Absolute Brokerage Customs S.C,Absolute Brokerage Customs S.C,GERARDO SANCHEZ BARRANCO,1
524,JOSE ADRIAN ESTRADA GONZALEZ,Absolute Brokerage Customs S.C,Absolute Brokerage Customs S.C,JOSE ADRIAN ESTRADA GONZALEZ,1
573,SARAHI CASTANEDA MASCORRO,Absolute Brokerage Customs S.C,Absolute Brokerage Customs S.C,SARAHI CASTANEDA MASCORRO,1
605,KARLA RUBY GONZALEZ PERDOMO,Absolute Brokerage Customs S.C,Absolute Brokerage Customs S.C,KARLA RUBY GONZALEZ PERDOMO,1
566,YAEL MUNOZ PEREZ,Absolute Brokerage Customs S.C,Absolute Brokerage Customs S.C,YAEL MUNOZ PEREZ,1
396,CLAUDIA PEREZ TREJO,Absolute Brokerage Customs S.C,Absolute Brokerage Customs S.C,CLAUDIA PEREZ TREJO,1
532,ALFONSO ROMERO PENA,Super Express de Carga Federal S.A de C.V,Super Express de Carga Federal S.A de C.V,ALFONSO ROMERO PENA,1
423,VIANCY TINAJERO PEREZ,Absolute Brokerage Customs S.C,Absolute Brokerage Customs S.C,VIANCY TINAJERO PEREZ,1
533,IVAN GONZALEZ ESPINOSA,Super Express de Carga Federal S.A de C.V,Super Express de Carga Federal S.A de C.V,IVAN GONZALEZ ESPINOSA,1
1,SABAS HERNANDEZ CERECEDO,Super Express de Carga Federal S.A de C.V,Super Express de Carga Federal S.A de C.V,SABAS HERNANDEZ CERECEDO,1
22,SUSANO SAGUILAN VARGAS,Absolute Brokerage Customs S.C,Absolute Brokerage Customs S.C,SUSANO SAGUILAN VARGAS,1
24,ANTONIO ANGUIANO MUNZART,Absolute Brokerage Customs S.C,Absolute Brokerage Customs S.C,ANTONIO ANGUIANO MUNZART,1
25,VERONICA MEXICANO SANCHEZ,Absolute Brokerage Customs S.C,Absolute Brokerage Customs S.C,VERONICA MEXICANO SANCHEZ,1
28,BULMARO LOPEZ HERNANDEZ,Absolute Brokerage Customs S.C,Absolute Brokerage Customs S.C,BULMARO LOPEZ HERNANDEZ,1
37,OLGA LIDIA GUTIERREZ RAMIREZ,Absolute Brokerage Customs S.C,Absolute Brokerage Customs S.C,OLGA LIDIA GUTIERREZ RAMIREZ,1
40,ADRIAN GARCIA ALPIZAR,Absolute Brokerage Customs S.C,Absolute Brokerage Customs S.C,ADRIAN GARCIA ALPIZAR,1
48,CLAUDIA AMDELELI LUDICK PANTOJA,Absolute Brokerage Customs S.C,Absolute Brokerage Customs S.C,CLAUDIA AMDELELI LUDICK PANTOJA,1
49,CARLOS ARTURO ORDONEZ CORREA,Absolute Brokerage Customs S.C,Absolute Brokerage Customs S.C,CARLOS ARTURO ORDONEZ CORREA,1
56,PEDRO ISRAEL ZALDIVAR REYES,Absolute Brokerage Customs S.C,Absolute Brokerage Customs S.C,PEDRO ISRAEL ZALDIVAR REYES,1
57,RICARDO REYES GARCIA,Absolute Brokerage Customs S.C,Absolute Brokerage Customs S.C,RICARDO REYES GARCIA,1
62,AIDA HERNANDEZ BARRERA,Absolute Brokerage Customs S.C,Absolute Brokerage Customs S.C,AIDA HERNANDEZ BARRERA,1
66,LUIS GABRIEL HERNANDEZ SANDOVAL,Absolute Brokerage Customs S.C,Absolute Brokerage Customs S.C,LUIS GABRIEL HERNANDEZ SANDOVAL,1
114,LORENZO GUZMAN VALENCIA,Absolute Brokerage Customs S.C,Absolute Brokerage Customs S.C,LORENZO GUZMAN VALENCIA,1
120,VICTOR SANTIAGO AGUILAR,Absolute Brokerage Customs S.C,Absolute Brokerage Customs S.C,VICTOR SANTIAGO AGUILAR,1
194,HILDA FLORES ALVAREZ,Absolute Brokerage Customs S.C,Absolute Brokerage Customs S.C,HILDA FLORES ALVAREZ,1
199,JUAN CARLOS DELGADO PEREZ,Absolute Brokerage Customs S.C,Absolute Brokerage Customs S.C,JUAN CARLOS DELGADO PEREZ,1
214,SERGIO AUGUSTO SALGADO GUZMAN,Absolute Brokerage Customs S.C,Absolute Brokerage Customs S.C,SERGIO AUGUSTO SALGADO GUZMAN,1
227,CESAR MENDEZ MORENO,Absolute Brokerage Customs S.C,Absolute Brokerage Customs S.C,CESAR MENDEZ MORENO,1
230,PERFECTO RODRIGUEZ RODRIGUEZ,Super Express de Carga Federal S.A de C.V,Super Express de Carga Federal S.A de C.V,PERFECTO RODRIGUEZ RODRIGUEZ,1
234,RUBEN MONTESINOS NICOLAS,Super Express de Carga Federal S.A de C.V,Super Express de Carga Federal S.A de C.V,RUBEN MONTESINOS NICOLAS,1
237,SAMANTHA NAVARRO BLANCAS,Absolute Brokerage Customs S.C,Absolute Brokerage Customs S.C,SAMANTHA NAVARRO BLANCAS,1
244,DEYANIRA YOLANDA LOPEZ MORALES,Absolute Brokerage Customs S.C,Absolute Brokerage Customs S.C,DEYANIRA YOLANDA LOPEZ MORALES,1
254,FABIOLA BAUTISTA GONZALEZ,Absolute Brokerage Customs S.C,Absolute Brokerage Customs S.C,FABIOLA BAUTISTA GONZALEZ,1
256,SANDRA SERVIN TREJO,Absolute Brokerage Customs S.C,Absolute Brokerage Customs S.C,SANDRA SERVIN TREJO,1
266,EDGAR MEZA ESCAMILLA,Super Express de Carga Federal S.A de C.V,Super Express de Carga Federal S.A de C.V,EDGAR MEZA ESCAMILLA,1
274,JONATHAN LUNA MONTES DE OCA,Absolute Brokerage Customs S.C,Absolute Brokerage Customs S.C,JONATHAN LUNA MONTES DE OCA,1
287,JUAN CARLOS OLVERA ZAMORA,Absolute Brokerage Customs S.C,Absolute Brokerage Customs S.C,JUAN CARLOS OLVERA ZAMORA,1
288,ADRIAN ALBERTO CANALES RANGEL,Absolute Brokerage Customs S.C,Absolute Brokerage Customs S.C,ADRIAN ALBERTO CANALES RANGEL,1
290,MONSSERRAT SANCHEZ GONZALEZ,Absolute Brokerage Customs S.C,Absolute Brokerage Customs S.C,MONSSERRAT SANCHEZ GONZALEZ,1
295,VICTOR HUGO ZAMARRIPA SANCHEZ,Super Express de Carga Federal S.A de C.V,Super Express de Carga Federal S.A de C.V,VICTOR HUGO ZAMARRIPA SANCHEZ,1
296,ERICKA THALIA GARCIA MARTINEZ,Absolute Brokerage Customs S.C,Absolute Brokerage Customs S.C,ERICKA THALIA GARCIA MARTINEZ,1
299,MARIO ANTONIO ORTEGA GALICIA,Super Express de Carga Federal S.A de C.V,Super Express de Carga Federal S.A de C.V,MARIO ANTONIO ORTEGA GALICIA,1
311,ALEJANDRA CISNEROS JIMENEZ,Super Express de Carga Federal S.A de C.V,Super Express de Carga Federal S.A de C.V,ALEJANDRA CISNEROS JIMENEZ,1
317,MARIA CRISTINA ANA VAZQUEZ HERNANDEZ,Absolute Brokerage Customs S.C,Absolute Brokerage Customs S.C,MARIA CRISTINA ANA VAZQUEZ HERNANDEZ,1
319,JESUS CORTES ROSALES,Super Express de Carga Federal S.A de C.V,Super Express de Carga Federal S.A de C.V,JESUS CORTES ROSALES,1
323,ANDREA JAZMIN BERNAL PAZ,Super Express de Carga Federal S.A de C.V,Super Express de Carga Federal S.A de C.V,ANDREA JAZMIN BERNAL PAZ,1
335,ALMA ROSA HERNANDEZ FLORES,Absolute Brokerage Customs S.C,Absolute Brokerage Customs S.C,ALMA ROSA HERNANDEZ FLORES,1
343,DANIEL ARTURO MARTINEZ GARCIA,Super Express de Carga Federal S.A de C.V,Super Express de Carga Federal S.A de C.V,DANIEL ARTURO MARTINEZ GARCIA,1
345,SALVADOR SALGUERO CARCAMO,Absolute Brokerage Customs S.C,Absolute Brokerage Customs S.C,SALVADOR SALGUERO CARCAMO,1
347,ELENA JUAREZ MARTINEZ,Absolute Brokerage Customs S.C,Absolute Brokerage Customs S.C,ELENA JUAREZ MARTINEZ,1
360,RICARDO REYES GARCIA,Absolute Brokerage Customs S.C,Absolute Brokerage Customs S.C,RICARDO REYES GARCIA,1
364,NANCY DURAN DIAZ,Absolute Brokerage Customs S.C,Absolute Brokerage Customs S.C,NANCY DURAN DIAZ,1
367,KAREN MONSERRAT MARTINEZ PEREZ,Absolute Brokerage Customs S.C,Absolute Brokerage Customs S.C,KAREN MONSERRAT MARTINEZ PEREZ,1
375,ALFREDO NAVARRETE GONZALEZ,Super Express de Carga Federal S.A de C.V,Super Express de Carga Federal S.A de C.V,ALFREDO NAVARRETE GONZALEZ,1
391,BERNARDO TREJO HERNANDEZ,Absolute Brokerage Customs S.C,Absolute Brokerage Customs S.C,BERNARDO TREJO HERNANDEZ,1
418,IVAN SANCHEZ JARAMILLO,Super Express de Carga Federal S.A de C.V,Super Express de Carga Federal S.A de C.V,IVAN SANCHEZ JARAMILLO,1
420,MANUEL CHEW SALAS,Super Express de Carga Federal S.A de C.V,Super Express de Carga Federal S.A de C.V,MANUEL CHEW SALAS,1
421,ERIK GUZMAN HUARACHA,Absolute Brokerage Customs S.C,Absolute Brokerage Customs S.C,ERIK GUZMAN HUARACHA,1
424,FERNANDO PERALTA AROCHE,Super Express de Carga Federal S.A de C.V,Super Express de Carga Federal S.A de C.V,FERNANDO PERALTA AROCHE,1
426,JAVIER ESPINOSA REYES,Super Express de Carga Federal S.A de C.V,Super Express de Carga Federal S.A de C.V,JAVIER ESPINOSA REYES,1
429,HELIO ESCOBEDO MORALES,Super Express de Carga Federal S.A de C.V,Super Express de Carga Federal S.A de C.V,HELIO ESCOBEDO MORALES,1
437,LUIS LEYVA ANGELES,Absolute Brokerage Customs S.C,Absolute Brokerage Customs S.C,LUIS LEYVA ANGELES,1
438,EDUARDO SERAFIN JIMENEZ,Absolute Brokerage Customs S.C,Absolute Brokerage Customs S.C,EDUARDO SERAFIN JIMENEZ,1
444,MONTSERRAT GUZMAN FUENTES,Absolute Brokerage Customs S.C,Absolute Brokerage Customs S.C,MONTSERRAT GUZMAN FUENTES,1
495,JOSE RAMON CAMACHO ESPINOSA,Absolute Brokerage Customs S.C,Absolute Brokerage Customs S.C,JOSE RAMON CAMACHO ESPINOSA,1
499,DAVID HERNANDEZ ALBINO,Absolute Brokerage Customs S.C,Absolute Brokerage Customs S.C,DAVID HERNANDEZ ALBINO,1
505,ANTONIO BAUTISTA FLORES,Absolute Brokerage Customs S.C,Absolute Brokerage Customs S.C,ANTONIO BAUTISTA FLORES,1
506,LAURA ROMERO RODRIGUEZ,Absolute Brokerage Customs S.C,Absolute Brokerage Customs S.C,LAURA ROMERO RODRIGUEZ,1
511,AXTLIA LUCIA IMELDA ISIDORO ESTRADA,Absolute Brokerage Customs S.C,Absolute Brokerage Customs S.C,AXTLIA LUCIA IMELDA ISIDORO ESTRADA,1
512,CESAR ZARAGOZA CONTRERAS,Super Express de Carga Federal S.A de C.V,Super Express de Carga Federal S.A de C.V,CESAR ZARAGOZA CONTRERAS,1
513,ADOLFO ARMANDO DOMINGUEZ RIVERA,Super Express de Carga Federal S.A de C.V,Super Express de Carga Federal S.A de C.V,ADOLFO ARMANDO DOMINGUEZ RIVERA,1
518,JOSE LAGUNA GONZALEZ,Super Express de Carga Federal S.A de C.V,Super Express de Carga Federal S.A de C.V,JOSE LAGUNA GONZALEZ,1
523,SALVADOR GONZALEZ MALDONADO,Absolute Brokerage Customs S.C,Absolute Brokerage Customs S.C,SALVADOR GONZALEZ MALDONADO,1
526,EVELIN LISSET CRUZ MARTINEZ,Absolute Brokerage Customs S.C,Absolute Brokerage Customs S.C,EVELIN LISSET CRUZ MARTINEZ,1
531,CRISTIAN GIOVANNI AJAL MORALES,Super Express de Carga Federal S.A de C.V,Super Express de Carga Federal S.A de C.V,CRISTIAN GIOVANNI AJAL MORALES,1
535,MARIA DE LA LUZ ALTAMIRANO PEREZ,Absolute Brokerage Customs S.C,Absolute Brokerage Customs S.C,MARIA DE LA LUZ ALTAMIRANO PEREZ,1
536,DULCE NAYELY MARTINEZ RAMIREZ,Absolute Brokerage Customs S.C,Absolute Brokerage Customs S.C,DULCE NAYELY MARTINEZ RAMIREZ,1
540,DULCE MARIA PORTUGUEZ MONROY,Super Express de Carga Federal S.A de C.V,Super Express de Carga Federal S.A de C.V,DULCE MARIA PORTUGUEZ MONROY,1
542,LUIS ENRIQUE HERNANDEZ ROMERO,Absolute Brokerage Customs S.C,Absolute Brokerage Customs S.C,LUIS ENRIQUE HERNANDEZ ROMERO,1
546,RICARDO ALDAIR GONZALEZ RAMOS,Absolute Brokerage Customs S.C,Absolute Brokerage Customs S.C,RICARDO ALDAIR GONZALEZ RAMOS,1
572,CHRISTIAN CRISTOBAL CARBAJAL GARCIA,Absolute Brokerage Customs S.C,Absolute Brokerage Customs S.C,CHRISTIAN CRISTOBAL CARBAJAL GARCIA,1
549,MARIAN HERNANDEZ PEREZ,Absolute Brokerage Customs S.C,Absolute Brokerage Customs S.C,MARIAN HERNANDEZ PEREZ,1
550,DIEGO AXEL COVARRUBIAS CRUZ,Absolute Brokerage Customs S.C,Absolute Brokerage Customs S.C,DIEGO AXEL COVARRUBIAS CRUZ,1
551,OSCAR JAIR PEREZ LOPEZ,Absolute Brokerage Customs S.C,Absolute Brokerage Customs S.C,OSCAR JAIR PEREZ LOPEZ,1
552,GUADALUPE ARACELI FLORES CHAVEZ,Absolute Brokerage Customs S.C,Absolute Brokerage Customs S.C,GUADALUPE ARACELI FLORES CHAVEZ,1
553,KAREN LUNA GONZALEZ,Absolute Brokerage Customs S.C,Absolute Brokerage Customs S.C,KAREN LUNA GONZALEZ,1
554,MARISA MICHELLE RUIZ CALIXTO,Absolute Brokerage Customs S.C,Absolute Brokerage Customs S.C,MARISA MICHELLE RUIZ CALIXTO,1
555,JULIA LETICIA QUEZADA CRUZ,Absolute Brokerage Customs S.C,Absolute Brokerage Customs S.C,JULIA LETICIA QUEZADA CRUZ,1
556,NOEMI ALVARADO RAMOS,Absolute Brokerage Customs S.C,Absolute Brokerage Customs S.C,NOEMI ALVARADO RAMOS,1
557,MONICA GERALDINE AGUILAR SANCHEZ,Absolute Brokerage Customs S.C,Absolute Brokerage Customs S.C,MONICA GERALDINE AGUILAR SANCHEZ,1
560,MALI ABIGAIL HERNANDEZ LOPEZ,Super Express de Carga Federal S.A de C.V,Super Express de Carga Federal S.A de C.V,MALI ABIGAIL HERNANDEZ LOPEZ,1
562,ALICIA MALDONADO GAYOSSO,Super Express de Carga Federal S.A de C.V,Super Express de Carga Federal S.A de C.V,ALICIA MALDONADO GAYOSSO,1
564,JOSE LUIS FALCON SANCHEZ,Super Express de Carga Federal S.A de C.V,Super Express de Carga Federal S.A de C.V,JOSE LUIS FALCON SANCHEZ,1
568,FABIAN ADAIR GARCIA ARIAS,Absolute Brokerage Customs S.C,Absolute Brokerage Customs S.C,FABIAN ADAIR GARCIA ARIAS,1
569,RENE ESPINOSA REYES,Super Express de Carga Federal S.A de C.V,Super Express de Carga Federal S.A de C.V,RENE ESPINOSA REYES,1
574,JORGE SALAZAR HUITRON,Absolute Brokerage Customs S.C,Absolute Brokerage Customs S.C,JORGE SALAZAR HUITRON,1
575,ANGEL FLORES NIETO,Absolute Brokerage Customs S.C,Absolute Brokerage Customs S.C,ANGEL FLORES NIETO,1
576,ANGEL MELESIO ROSALES BADILLO,Absolute Brokerage Customs S.C,Absolute Brokerage Customs S.C,ANGEL MELESIO ROSALES BADILLO,1
577,KARLA RAMIREZ CABALLERO,Absolute Brokerage Customs S.C,Absolute Brokerage Customs S.C,KARLA RAMIREZ CABALLERO,1
581,BRYAN SOLIS MENDEZ,Absolute Brokerage Customs S.C,Absolute Brokerage Customs S.C,BRYAN SOLIS MENDEZ,1
582,KARLA FERNANDEZ VELASCO,Absolute Brokerage Customs S.C,Absolute Brokerage Customs S.C,KARLA FERNANDEZ VELASCO,1
580,MILDRED MARTINEZ APARICIO,Absolute Brokerage Customs S.C,Absolute Brokerage Customs S.C,MILDRED MARTINEZ APARICIO,1
584,SAMARA ANAID MARTINEZ PEREZ,Absolute Brokerage Customs S.C,Absolute Brokerage Customs S.C,SAMARA ANAID MARTINEZ PEREZ,1
585,AXEL ISAI PAJARO HERNANDEZ,Absolute Brokerage Customs S.C,Absolute Brokerage Customs S.C,AXEL ISAI PAJARO HERNANDEZ,1
588,GADDI ISRAEL AGUIRRE MORENO,Absolute Brokerage Customs S.C,Absolute Brokerage Customs S.C,GADDI ISRAEL AGUIRRE MORENO,1
589,DIANA DENIS RAMIREZ PEREZ,Absolute Brokerage Customs S.C,Absolute Brokerage Customs S.C,DIANA DENIS RAMIREZ PEREZ,1
592,LUIS JAVIER TRIFUNDIO BOBADILLA,Absolute Brokerage Customs S.C,Absolute Brokerage Customs S.C,LUIS JAVIER TRIFUNDIO BOBADILLA,1
593,ANGEL ANTONIO ORTEGA GASPAR,Absolute Brokerage Customs S.C,Absolute Brokerage Customs S.C,ANGEL ANTONIO ORTEGA GASPAR,1
594,VICTOR ADRIEL REYES GONZALEZ,Absolute Brokerage Customs S.C,Absolute Brokerage Customs S.C,VICTOR ADRIEL REYES GONZALEZ,1
596,FILIBERTO VERDUGO RAMIREZ,Super Express de Carga Federal S.A de C.V,Super Express de Carga Federal S.A de C.V,FILIBERTO VERDUGO RAMIREZ,1
601,MARIA DEL CARMEN HERNANDEZ ROSAS,Absolute Brokerage Customs S.C,Absolute Brokerage Customs S.C,MARIA DEL CARMEN HERNANDEZ ROSAS,1
602,MARCO AURELIO GRASSO ALVAREZ,Absolute Brokerage Customs S.C,Absolute Brokerage Customs S.C,MARCO AURELIO GRASSO ALVAREZ,1
603,SUGUEY ITHAYETZI CAMPOS MAZON,Absolute Brokerage Customs S.C,Absolute Brokerage Customs S.C,SUGUEY ITHAYETZI CAMPOS MAZON,1
609,BIANKA LORENA MAXIMO ABADICIO,Super Express de Carga Federal S.A de C.V,Super Express de Carga Federal S.A de C.V,BIANKA LORENA MAXIMO ABADICIO,1
614,YAZMIN OLVERA ZAMORA,Absolute Brokerage Customs S.C,Absolute Brokerage Customs S.C,YAZMIN OLVERA ZAMORA,1
616,RAQUEL YANNETH REYES GONZALEZ,Absolute Brokerage Customs S.C,Absolute Brokerage Customs S.C,RAQUEL YANNETH REYES GONZALEZ,1
617,GUSTAVO JIMENEZ MORALES,Absolute Brokerage Customs S.C,Absolute Brokerage Customs S.C,GUSTAVO JIMENEZ MORALES,1
619,IVAN LEONEL MEDRANO HERNANDEZ,Absolute Brokerage Customs S.C,Absolute Brokerage Customs S.C,IVAN LEONEL MEDRANO HERNANDEZ,1
620,ARMANDO IVAN MARTINEZ SALAZAR,Absolute Brokerage Customs S.C,Absolute Brokerage Customs S.C,ARMANDO IVAN MARTINEZ SALAZAR,1
621,ROBERTO IBARRA RAMIREZ,Absolute Brokerage Customs S.C,Absolute Brokerage Customs S.C,ROBERTO IBARRA RAMIREZ,1
