fecha_hora,user_id,nombre,status,punch
2026-09-09 18:13:26,619,Ivan Leonel Medrano Hern,1,0
2026-09-09 18:14:57,194,Hilda Flores Alvarez,1,0
2026-09-09 18:19:15,296,Ericka Thalia Garcia Mar,1,0
2026-09-09 18:43:18,360,Ricardo Reyes Garcia,1,0
2026-09-09 18:49:12,317,Maria Cristina Ana Vazqu,1,0
2026-09-09 18:50:44,194,Hilda Flores Alvarez,1,0
2026-09-09 18:56:08,340,JUAN C.  APARICIO RAMOS,1,0
2026-09-09 19:22:03,295,Victor Hugo Zamarripa Sa,1,0
2026-09-09 19:29:25,295,Victor Hugo Zamarripa Sa,1,0
2026-09-09 19:54:02,49,Carlos Arturo Ordonez Co,1,0
2026-09-09 20:23:27,49,Carlos Arturo Ordonez Co,1,0
2026-09-10 09:49:15,545,Miguel Angel Yaez Jacin,1,0
2026-09-10 09:50:22,545,Miguel Angel Yaez Jacin,1,0
2026-09-17 15:54:23,363,Jose L. Martinez Garcia,1,4
2026-09-17 15:54:40,364,Nancy Duran Diaz,1,4
2026-09-17 15:56:41,438,Eduardo Serafin Jimenez,1,4
2026-09-17 15:56:42,438,Eduardo Serafin Jimenez,1,4
2026-09-17 15:58:31,545,Miguel Angel Yaez Jacin,1,4
2026-09-17 15:59:48,545,Miguel Angel Yaez Jacin,1,4
2026-09-17 16:06:58,343,Daniel Arturo Martinez G,1,4
2026-09-17 16:07:19,596,Filiberto Verdugo Ramire,1,4
2026-09-17 16:09:41,120,Victor Santiago Aguilar,1,4
2026-09-17 16:14:23,418,Ivan Sanchez Jaramillo,1,4
2026-09-17 16:24:25,574,Jorge  Salazar Huitron,1,4
2026-09-17 16:29:29,62,Aida Hernandez Barrera,1,4
2026-09-17 16:31:53,401,Alibe N. Romero Pilares,1,4
2026-09-17 16:33:24,214,Sergio  Augusto Salgado,1,4
2026-09-17 16:46:40,214,Sergio  Augusto Salgado,1,4
2026-09-17 16:55:17,194,Hilda Flores Alvarez,1,4
2026-09-17 16:57:53,48,Claudia Amdeleli Ludick,1,4
2026-09-17 16:58:22,531,Cristian Giovanni Ajal M,1,4
2026-09-17 16:58:24,531,Cristian Giovanni Ajal M,1,4
2026-09-17 16:58:52,342,Miguel  A. Ramirez Viver,1,4
2026-09-17 16:58:53,342,Miguel  A. Ramirez Viver,1,4
2026-09-17 17:02:38,1,Sabas Hernandez Cerecedo,1,4
2026-09-17 17:02:46,364,Nancy Duran Diaz,1,4
2026-09-17 17:04:27,375,Alfredo Navarrete Gonzal,1,4
2026-09-17 17:04:28,375,Alfredo Navarrete Gonzal,1,4
2026-09-17 17:04:41,594,Victor Adriel Reyes Gonz,1,4
2026-09-17 17:12:32,317,Maria Cristina Ana Vazqu,1,4
2026-09-17 17:12:36,237,Samantha Navarro Blancas,1,4
2026-09-17 17:30:55,227,Cesar Mendez Moreno,1,4
