user_id,nombre,privilegio,tarjeta,grupo
1,Sabas Hernandez Cerecedo,0,0,
22,Susano Saguilan Vargas,0,0,
24,Antonio Anguiano Munzart,0,0,
25,Veronica Mexicano Sanche,0,0,
28,Bulmaro Lopez Hernandez,0,0,
37,Olga Lidia Gutierrez Ram,0,0,
40,Adrian Garcia Alpizar,0,0,
44,Iliana Daphne Gonzalez J,0,0,
48,Claudia Amdeleli Ludick,0,0,
49,Carlos Arturo Ordonez Co,0,0,
52,Carlos Morales Ramirez,0,0,
56,Pedro Israel Zaldivar Re,0,0,
57,Ricardo Reyes Garcia,0,0,
62,Aida Hernandez Barrera,0,0,
66,Luis Gabriel Hernandez S,0,0,
114,Lorenzo Guzman Valencia,0,0,
120,Victor Santiago Aguilar,0,0,
194,Hilda Flores Alvarez,0,0,
199,Juan Carlos Delgado Pere,0,0,
214,Sergio  Augusto Salgado,0,0,
220,Fernando Cano De lira,0,0,
227,Cesar Mendez Moreno,0,0,
230,Perfecto Rodriguez Rodri,0,0,
234,Ruben Montesinos Nicolas,0,0,
236,Ignacio Rafael Basulto O,0,0,
237,Samantha Navarro Blancas,0,0,
244,Deyanira Yolanda Lopez M,0,0,
254,Fabiola Bautista Gonzale,0,0,
256,Sandra Servin Trejo,0,0,
257,Tania Segura Gonzalez,0,0,
259,Epigmenio Cisneros Torre,0,0,
266,Edgar Meza Escamilla,0,0,
271,Esteban David Diaz Gutie,0,0,
274,Jonathan Luna Montes de,0,0,
280,Fnny Chavez Huesca,0,0,
287,Juan Carlos Olvera Zamor,0,0,
288,Adrian Alberto Canales R,0,0,
289,Benito Duran Castillo,0,0,
290,Monsserrat Sanchez Gonza,0,0,
295,Victor Hugo Zamarripa Sa,0,0,
296,Ericka Thalia Garcia Mar,0,0,
299,Mario Antonio Ortega Gal,0,0,
302,Guillermo Rivera Castill,0,0,
311,Alejandra Cisneros Jimen,0,0,
315,Elvia A.  Romero Jimenez,0,0,
317,Maria Cristina Ana Vazqu,0,0,
319,Jesus Cortes Rosales,0,0,
323,Andrea Jazmin Bernal  Pa,0,0,
329,MARIA ALEJANDRA VALDEZ,0,0,
330,Gerardo Sanchez Barrarnc,0,0,
333,Fernando Gonzalez Garrid,0,0,
335,Alma Rosa Hernandez Flor,0,0,
340,JUAN C.  APARICIO RAMOS,0,0,
342,Miguel  A. Ramirez Viver,0,0,
343,Daniel Arturo Martinez G,0,0,
344,Marco Antonio Castillo G,0,0,
345,Salvador Salguero Carcam,0,0,
347,Elena Juarez Martinez,0,0,
353,Erik Osvaldo Cabrera Rom,0,0,
358,Omar Perez Prado,0,0,
359,Asael Romero Tamayo,0,0,
360,Ricardo Reyes Garcia,0,0,
363,Jose L. Martinez Garcia,0,0,
364,Nancy Duran Diaz,0,0,
367,Karen Monserrat Martinez,0,0,
369,Catalina Flores Cruz,0,0,
370,Daniel A.  Brenis  Amado,0,0,
371,Benjamin Perez Rivera,0,0,
373,Dulce Ivon Hernandez Roj,0,0,
375,Alfredo Navarrete Gonzal,0,0,
383,Arturo Ortega Vega,0,0,
384,Jocik O. Hernandez Velaz,0,0,
387,Jorge Alberto Alvarez Ju,0,0,
389,Jonathan e.  Sedano Zamb,0,0,
391,Bernardo Trejo Hernandez,0,0,
393,JOSE E.  BARRERA MONTUFA,0,0,
396,Claudia Prez Trejo,0,0,
397,Fernando D.  Vieyra Cald,0,0,
398,CESAR BOYZO SIBAJA,0,0,
401,Alibe N. Romero Pilares,0,0,
406,Guillermo Cervantes Rodr,0,0,
407,GERARDO M.  REYES SAAVED,0,0,
411,Montserrat Garcia Juarez,0,0,
412,Luis E.  Luna Montes de,0,0,
413,Sandra Hernandez Suarez,0,0,
414,Brenda I. Cubillas  Rodr,0,0,
418,Ivan Sanchez Jaramillo,0,0,
419,Pamela Matos Tellez,0,0,
420,Manuel Chew Salas,0,0,
421,Erik Guzman Huaracha,0,0,
422,Janetzy O. Silva Cruz,0,0,
423,Viancy Tinajero Prez,0,0,
424,Fernando Peralta Aroche,0,0,
426,Javier Espinosa Reyes,0,0,
427,Brenda E. Martinez Guerr,0,0,
428,Nancy Rosas Flores,0,0,
429,Helio Escobedo Morales,0,0,
430,Jesus E. Torres Resendiz,0,0,
432,Javier Padilla Morales,0,0,
434,Marlene C. Escobar Gonza,0,0,
435,Maria F. Ramos Toriz,0,0,
436,Lizbet Cruz Esteban,0,0,
437,LUIS  LEYVA ANGELES,0,0,
438,Eduardo Serafin Jimenez,0,0,
439,Grace Kelly Perez Serret,0,0,
440,Norma Yteel Montoya Zamo,0,0,
441,Areli A.  Hernandez Hern,0,0,
442,Elena M. Jaime Alvarado,0,0,
443,Valle  Medina Metzin P.,0,0,
444,Montserrat Guzman Fuente,0,0,
445,Pamela Gauregui Aceves,0,0,
495,Jose Ramon Camacho Espin,0,0,
127,Jennifer Basulto Ososrio,0,0,
496,Guadalupe Viviana Castil,0,0,
497,Samantha Zenil Jimenez,0,0,
498,Francisco Javier Garcia,0,0,
499,David Hernandez albino,0,0,
500,Erick Alexis Ocampos Gar,0,0,
501,Julieta Berenice Rodrigu,0,0,
502,Laura  Velasquez Ortigoz,0,0,
503,Jose Angel Hernandez Mar,0,0,
504,Ricardo Garcia Rodriguez,0,0,
505,Antonio Bautista Flores,0,0,
506,Laura Romero Rodriguez,0,0,
507,Victor Hugo Vargas Balta,0,0,
508,Belen Rosario Navarrete,0,0,
509,Irvin Fernando Muoz Cor,0,0,
510,Damaris Lineet Gonzalez,0,0,
511,Axtlia Lucia Imelda Isid,0,0,
512,Cesar Zaragoza Contreras,0,0,
513,Adolfo Armando Dominguez,0,0,
514,Jess Ricardo Heras Ram,0,0,
515,Aldo Jimenez Gonzalez,0,0,
516,Daniel Ulises Morales Re,0,0,
517,Erivan Salvador Cruz Rod,0,0,
518,Jose Laguna Gonzalez,0,0,
519,Andrea Bravo Valencia,0,0,
520,Pedro Edgar Juarez Vega,0,0,
521,Jocelyn Lopez Nuez,0,0,
522,Dulce Guadalupe Yaez Ya,0,0,
523,Salvador Gonzalez Maldon,0,0,
524,Joese Adrian Estrada Gon,0,0,
525,Edwin Javier Vazquez Zam,0,0,
526,EVelin Lisset Cruz Marti,0,0,
527,Manuel Becerra Salazar,0,0,
528,Daniel de Jesus Tobon Ac,0,0,
529,Cesar Oliva Roman,0,0,
531,Cristian Giovanni Ajal M,0,0,
532,Alfonso Romero Pea,0,0,
533,Ivan Gonzalez Epinosa,0,0,
534,Juan Eduardo Barona Gonz,0,0,
535,Maria de la Luz Altamira,0,0,
536,Dulce Nayely Martinez Ra,0,0,
537,Marco Antonio Sanchez Ol,0,0,
539,Ricardo Marin Valencia,0,0,
540,Dulce Maria Portuguez Mo,0,0,
541,Karla Adriana Fuentes  R,0,0,
542,Luis Enrique Hernandez R,0,0,
543,Fernanda Itandehuitl Hor,0,0,
544,Diana Laura Herrera Cruz,0,0,
545,Miguel Angel Yaez Jacin,0,0,
546,Ricardo Aldair Gonzalez,0,0,
547,Maritza Rangel Contreras,0,0,
548,Wendy Catalin Gonzalez V,0,0,
572,Christian Cristobal Carb,0,0,
549,Marian Hernandez Perez,0,0,
550,Diego Axel Covarrubias C,0,0,
551,Oscar Jair Perez Lopez,0,0,
552,Guadalupe Araceli Flores,0,0,
538,Maria Leticia Sanchez Va,0,0,
553,Karen Luna Gonzalez,0,0,
554,Marisa Michelle Ruiz Cal,0,0,
555,Julia Leticia Quezada Cr,0,0,
556,Noemi Alvarado Ramos,0,0,
557,Monica Geraldine Aguilar,0,0,
558,Ivan Yarik Rodriguez Mar,0,0,
560,Mali Abigail Hernandez L,0,0,
561,Jess Eduardo Lopez Garc,0,0,
562,Alicia Maldonado Gayosso,0,0,
563,Raul Alexander Trujillo,0,0,
564,Jose Luis  Falcon Sanche,0,0,
559,Alondra Tapia Jasso,0,0,
565,Ivon Reyes Gonzalez,0,0,
566,Yael Muoz Perez,0,0,
568,Fabian Adair Garcia Aria,0,0,
569,Rene Espinosa Reyes,0,0,
570,Carlos Alberto Cruz Sant,0,0,
567,Eduardo Leon Sienties,0,0,
571,Ivan Martinez Oliveros,0,0,
574,Jorge  Salazar Huitron,0,0,
573,Sarahi Castaeda Mascorr,0,0,
575,Angel  Flores  Nieto,0,0,
576,Angel Melesio Rosales  B,0,0,
577,Karla Ramirez Caballero,0,0,
578,Ricardo Daniel Ramos Alb,0,0,
581,Bryan Solis Mendez,0,0,
582,Karla Fernandez Velasco,0,0,
583,Norma Angelica Hernandez,0,0,
580,Mildred Martinez Aparici,0,0,
584,Samara Anaid Martinez Pe,0,0,
281,Luz Eelena Reyes  Alonso,0,0,
579,Nayely  Mendizabal Orteg,0,0,
585,Axel Isai Pajaro Hernand,0,0,
586,Kevin Martinez Garcia,0,0,
587,Dulce Estefany Sanchez A,0,0,
588,Gaddi Israel Aguirre Mor,0,0,
589,Diana Denis Ramirez Pere,0,0,
590,Natalia Taboaga Mejia Ca,0,0,
591,Dulce Jazmin Lara  Silva,0,0,
592,Luis Javier  Trifundio B,0,0,
593,Angel Antonio Ortega Gas,0,0,
594,Victor Adriel Reyes Gonz,0,0,
595,Yair Jose Miranda Arano,0,0,
597,Rosendo  Garrido Gonzale,0,0,
596,Filiberto Verdugo Ramire,0,0,
599,Joese Gustavo Martinez F,0,0,
598,Carlos Alberto Vite  Vil,0,0,
600,Fatima Martinez Jimenez,0,0,
601,Maria del Carmen Hernand,0,0,
602,Marco Aurelio Grasso Alv,0,0,
603,Suguey Ithayetzi Campos,0,0,
604,Jose Luis  Hernandez Mar,0,0,
605,Karla Rubi Gonzalez Perd,0,0,
607,Beatriz Heredia Medrano,0,0,
608,Lorena Mendez Estrella,0,0,
609,Bianka Lorena Maximo Aba,0,0,
610,Maria Fernanda Ramirez,0,0,
613,Sharon Sarahi De la cuev,0,0,
614,Yazmin Olvera Zamora,0,0,
616,Raquel Yanneth Reyes Gon,0,0,
617,Gustavo  Jimenez Morales,0,0,
618,Jose Manuel Dorantes  Cr,0,0,
619,Ivan Leonel Medrano Hern,0,0,
620,Armando Ivan Martinez,0,0,
621,Roberto Ibarra Ramirez,0,0,
